Stephen W. Russell, 1680081371499, (0112) 543 0402, ante@gravida.com, ZLH53AXA6DW, 2633 Nulla Road 2
Laith R. Moore, 1690031395299, (01741) 301350, pulvinar.arcu.et@odioEtiamligula.net, RBX60GXY8HE, 8857 Urna,  Road 3
Wilma F. Carrillo,  165912140745 , (01060) 34862, vehicula@aliquamenimnec.edu, WWV14CNV0LB, 245-8347 Massa Ave 4
Fritz U. Castillo,  160709272587 , (01846) 657787, ornare.elit.elit@Nam.com, RWM26YJS6HG, Ap #792-7798 Fermentum Rd. 4
Graham L. Forbes,  169911036151 , 0800 1111, orci.Donec@at.ca, IBV56EJW0XG, Ap #263-678 Dictum. Street 4
Mallory F. Shaw,  167512106035 , (01013) 484944, a.magna.Lorem@dictum.co.uk, ERV12BZK5XI,  P.O. Box 442 4698 Bibendum Avenue 5
Brody M. Frye,  167111259417 , (023) 7681 2555, magnis.dis.parturient@liberoDonecconsectetuer.net, DDN17DCP2VV, Ap #643-8904 Ac Street 6
Michelle W. Richmond,  167104155598 , 056 9482 4078, aptent.taciti@mi.com, DYO26KFA7GN,  5996 Nec Road 2
Daquan I. Burns,  167605217376 , (016977) 0758, convallis.convallis.dolor@enim.net, VOZ75UFJ8FV, 215 Gravida St. 1
Otto N. Koch, 1640050992799, 0999 692 5799, vitae@egestas.com, LDH75ODH2JO, 136-1606 Enim Avenue 1
Dillon N. Conway, 1638091093199, 0800 225 4898, tortor.dictum@nunc.org, IAC53WOB4TF, P.O. Box 101 8550 Nisl Street 1
Bruno S. Mclean, 1633122993999, 0800 315139, enim.Curabitur@rutrum.ca, DZM75ZRM5UK, 203-1563 Dui Avenue 2
Brock Y. Merritt, 1656121368499, 0500 005155, ac.ipsum@ut.org, PTR17VXX1DR, 938-6288 Fusce Ave 2
Blake P. Sandoval, 1644062977199, (027) 1702 5176, tincidunt.neque.vitae@atrisus.net, IRG90DJH9XQ, 415-1722 Tempor Rd. 3
Guinevere Q. Collins, 1635030776099, 070 0712 0815, amet.faucibus.ut@odioEtiamligula.ca, CWO57OLJ4XR, 362-1652 Arcu. Avenue 3
Hashim F. Melendez, 1639051454799, 076 1518 0974, a.purus.Duis@mifringilla.org, YKQ56ZSG5SD, 841-4706 Elit St. 4
Gidea Andrei, 123213213, 021838238, andrei.gadea@yahoo.com, 1234, 4 Pucheni 5
Andrei, 2131, 2313132, a.g@g.com, qwe, 5 asdsa 3
Dragne Mihail, 12321938, 07828218, d.m@y.com, qwe, 2 Margeanului 5
Testa, 213213, 02992, test@t.test, qwe, 1 foo 2
Andrei, 129292183, 071293282, a.g@gm.com, qwe, 4 pucheni 5